,Unnamed: 0,type,question,answer,source,all_history,raw_response,thinking,belief,Committment_value,quality_rate,consistency_value,relevance_rate,manner_rate,outcome_value,outcome_reason,relevance_binary,manner_binary,quality_binary,NRA,bat,pat,bat_cumsum,pat_cumsum,Z_BaT,Z_PaT,ZNRBaT,net_ZNRBaT
10,10,Q/A,"You want the jury to believe that Mr. Skilling is consumed by greed as you are, right?","I didn't say that, sir. You did.",enron_prosecution_2,"DEFENSE: You want the jury to believe that Mr. Skilling is consumed by greed as you are, right?
","Okay, let's tackle this step by step. The question from the defense is: ""You want the jury to believe that Mr. Skilling is consumed by greed as you are, right?"" The witness responds: ""I didn't say that, sir. You did.""

First, I need to evaluate each of the properties listed. Starting with Witness commitment level. The defense is accusing the witness of wanting the jury to think Mr. Skilling is greedy like them. The witness denies saying that and shifts the blame to the defense attorney. This seems like a beneficial commitment because the witness is refuting the accusation, which helps their own case. So maybe a 2?

Next, truthfulness. The witness is saying they didn't make that statement. If the record shows that the witness didn't actually say that, then it's truthful. But if the defense is twisting their words, then the witness is being truthful. Since we don't have prior testimony, but the response is a denial, assuming it's accurate, then 1 (truthful).

Consistency with previous testimony. Since there's no prior testimony provided here, I have to assume it's consistent unless told otherwise. So 0 (consistent).

Relevance: The response directly addresses the question by denying the specific accusation. So very relevant, which is 1.

Clarity: The response is straightforward and clear. ""I didn't say that, sir. You did."" No hedging or ambiguity. So 1 (very clear).

Outcome: The witness successfully refuted the defense's accusation, so the outcome benefits the witness. So the winner is the Witness.

Reason for outcome: The witness is making a logical argument by pointing out that the defense is misrepresenting their statement. That's a credibility attack on the other side (the defense), so reason 2.

Wait, let me check again. The defense's question is trying to link the witness's greed to Mr. Skilling. The witness denies making that claim, implying the defense is misrepresenting. This could be a credibility attack on the defense's framing, so reason 2. Alternatively, maybe it's a logical argument. Hmm. The witness is pointing out that the defense is putting words in their mouth, which is a logical rebuttal. So maybe reason 1? Or is it attacking the defense's credibility?

The reason options are 1. Logical arguments, 2. Credibility attack on other side, 3. Emotional appeal. Since the witness is pointing out that the question is misrepresenting their statement, that's challenging the defense's accuracy, which is a credibility attack. So reason 2.

Putting it all together:

Commitment: 2 (beneficial)
Truthful: 1
Consistent: 0
Relevance: 1
Clarity:1
Outcome: Witness
Reason: 2
</think>

{
    ""belief"": ""The witness effectively refuted the defense's accusation by denying the claim and pointing out the misrepresentation, which benefits their credibility. The response is clear and directly addresses the question."",
    ""Commitment_value"": 2,
    ""quality_rate"": 1,
    ""consistency_value"": 0,
    ""relevance_rate"": 1,
    ""manner_rate"": 1,
    ""outcome_value"": ""Witness"",
    ""outcome_reason"": 2
}","Okay, let's tackle this step by step. The question from the defense is: ""You want the jury to believe that Mr. Skilling is consumed by greed as you are, right?"" The witness responds: ""I didn't say that, sir. You did.""

First, I need to evaluate each of the properties listed. Starting with Witness commitment level. The defense is accusing the witness of wanting the jury to think Mr. Skilling is greedy like them. The witness denies saying that and shifts the blame to the defense attorney. This seems like a beneficial commitment because the witness is refuting the accusation, which helps their own case. So maybe a 2?

Next, truthfulness. The witness is saying they didn't make that statement. If the record shows that the witness didn't actually say that, then it's truthful. But if the defense is twisting their words, then the witness is being truthful. Since we don't have prior testimony, but the response is a denial, assuming it's accurate, then 1 (truthful).

Consistency with previous testimony. Since there's no prior testimony provided here, I have to assume it's consistent unless told otherwise. So 0 (consistent).

Relevance: The response directly addresses the question by denying the specific accusation. So very relevant, which is 1.

Clarity: The response is straightforward and clear. ""I didn't say that, sir. You did."" No hedging or ambiguity. So 1 (very clear).

Outcome: The witness successfully refuted the defense's accusation, so the outcome benefits the witness. So the winner is the Witness.

Reason for outcome: The witness is making a logical argument by pointing out that the defense is misrepresenting their statement. That's a credibility attack on the other side (the defense), so reason 2.

Wait, let me check again. The defense's question is trying to link the witness's greed to Mr. Skilling. The witness denies making that claim, implying the defense is misrepresenting. This could be a credibility attack on the defense's framing, so reason 2. Alternatively, maybe it's a logical argument. Hmm. The witness is pointing out that the defense is putting words in their mouth, which is a logical rebuttal. So maybe reason 1? Or is it attacking the defense's credibility?

The reason options are 1. Logical arguments, 2. Credibility attack on other side, 3. Emotional appeal. Since the witness is pointing out that the question is misrepresenting their statement, that's challenging the defense's accuracy, which is a credibility attack. So reason 2.

Putting it all together:

Commitment: 2 (beneficial)
Truthful: 1
Consistent: 0
Relevance: 1
Clarity:1
Outcome: Witness
Reason: 2","The witness effectively refuted the defense's accusation by denying the claim and pointing out the misrepresentation, which benefits their credibility. The response is clear and directly addresses the question.",2,1,0,1,1,Witness,2.0,0,0,0,1.0,1.0,0.0,1.0,0.0,-1.4794243626659624,-1.4704292441876154,0.0030493440275978713,-0.008995118478346997
11,11,Q/A,I asked you. It's a question. Answer it.,My answer to that question is I spent a lot of time up here already saying that I stole from Enron. I did steal from Enron. We stole from Enron. That was why it was difficult for me when you posed your question to answer directly.,enron_prosecution_2,"DEFENSE: You want the jury to believe that Mr. Skilling is consumed by greed as you are, right?
P_WITNESS: I didn't say that, sir. You did.

DEFENSE: I asked you. It's a question. Answer it.
","Okay, let's tackle this evaluation step by step. First, I need to understand the witness's response and how it relates to the question asked by the defense. The defense attorney asked, ""You want the jury to believe that Mr. Skilling is consumed by greed as you are, right?"" The witness responds by saying they've already admitted to stealing from Enron and that it's why they found the question difficult to answer directly.

Starting with the first property: Witness commitment level. The defense is trying to link Mr. Skilling's character to the witness's own greed. The witness doesn't directly answer whether they think Skilling is greedy. Instead, they shift the focus to their own admissions of theft. This might be a way to avoid the question, which could be seen as a beneficial commitment because they're redirecting the conversation to their own guilt, possibly to mitigate their own liability or shift blame. But since they didn't address the question about Skilling's greed, maybe it's neutral? Wait, the options are 1 (detrimental to witness), 2 (beneficial), 3 neutral, 4 no commitment. Since the witness didn't answer the question directly, maybe it's a detrimental commitment because they didn't commit to the defense's premise, but actually, the defense wanted them to admit that Skilling is greedy like them. The witness didn't confirm that, so maybe it's beneficial because they avoided agreeing. Hmm, tricky. Alternatively, since they didn't answer the question, maybe it's neutral or no commitment. The witness says they didn't say that, but then the defense rephrased. The witness's response is about their own theft, not Skilling's greed. So they didn't commit to the question's premise. So maybe no commitment (4) because they didn't answer the question. But the options are 1-4. Alternatively, since they didn't answer, maybe it's detrimental because they didn't support the defense's point, but actually, the defense is trying to make the witness admit that Skilling is greedy. By not answering, the witness avoids that, so maybe beneficial (2). Hmm, not sure yet.

Next, truthfulness. The witness says they stole from Enron. If that's true, then truthful (1). But the question is about their current response's truthfulness. The response includes their admission, so if that's truthful, then yes. But the defense is questioning their motives. The witness's statement about stealing is consistent with previous testimony? Wait, the previous testimony isn't provided here, but in the current response, they mention they've already said that. Assuming that's true, then the statement is truthful. So quality_rate is 1.

Consistency with previous testimony: Since the witness says they've already stated they stole, if that's part of their prior testimony, then consistent (0). But if they hadn't mentioned it before, then inconsistent. Since the problem doesn't give prior testimony, maybe we have to assume that the witness is referring to prior statements. So consistency_value is 0 (consistent).

Relevance: The question is about Mr. Skilling's greed. The witness talks about their own theft. Is that relevant? The defense is trying to link the witness's greed to Skilling's. The witness's response doesn't address Skilling but focuses on their own actions. So maybe slightly irrelevant (3) or irrelevant (4). Since the defense's question is about Skilling, the witness's answer about their own theft is not directly answering, so maybe slightly irrelevant (3) or irrelevant (4). Let's see examples. In example 1, the response was relevant even if hedging. Here, the witness's response is about their own actions, not Skilling's, so maybe 3 or 4. Since the question is about Skilling, the response is not directly answering, so maybe 4 (irrelevant). But maybe the witness is trying to say that their own guilt is separate from Skilling's, so it's slightly relevant (2)? Not sure. The question is whether the response addresses the question. Since it doesn't, probably 4 (irrelevant).

Clarity: The witness's statement is clear. They admit to stealing. So clarity is 1 (very clear). But they might be hedging by saying ""I spent a lot of time up here already saying that I stole..."" which is a bit wordy but still clear. So clarity is 1.

Outcome: The current turn's outcome. The witness didn't answer the defense's question, so the defense might have the upper hand here because the witness avoided the question. But the witness's admission of guilt might help their own case. Wait, the outcome is who won the current turn. The defense wanted the witness to admit that Skilling is greedy like them. The witness didn't do that; instead, they talked about their own theft. So the defense's question wasn't answered, so maybe the witness benefits by not confirming the defense's point. So the outcome might be Witness, because they avoided the damaging admission. Alternatively, since they didn't answer, maybe the questioner (defense) wins because the witness didn't counter effectively. Hmm. In example 3, when the witness says ""No"" to a question, if it's detrimental, the questioner wins. Here, the witness didn't answer the question, so maybe the questioner can argue that the witness is evasive, which is detrimental. But the witness's own admission might be beneficial. The question was trying to tie Skilling to greed via the witness. By not confirming, the witness avoids that, so beneficial (2 commitment), so outcome is Witness. The reason would be logical arguments (1) because they redirected to their own guilt, which might undermine the defense's point.

Putting it all together:

Commitment: The witness didn't answer the question, so maybe no commitment (4). But since they shifted to their own actions, maybe beneficial (2). Wait, the defense's question is about Skilling's greed. The witness's response doesn't address that, so they didn't commit to the defense's premise. So that's beneficial because they avoid agreeing. So commitment_value 2.

Relevance: 4 (irrelevant) because the response doesn't address Skilling.

Outcome: Witness, because they avoided the damaging admission. The reason is logical arguments (1) because they redirected to their own guilt, which might counter the defense's point.

Wait, but the examples show that if the witness doesn't answer, sometimes it's detrimental. Let me check example 3 again. In example 3, the question was ""Have you interviewed with the defendant for ten hours?"" and the response was ""No."" The outcome was Questioner because denying contact might indicate lack of knowledge, which is detrimental. Here, the witness didn't answer the question, so maybe the questioner (defense) wins because the witness didn't address the point. Hmm, conflicting.

Alternatively, the witness's admission of guilt might be beneficial to them, so the outcome is Witness. The defense wanted to link Skilling to greed, but the witness didn't do that, so the defense's point isn't made. Therefore, the witness benefits. So outcome is Witness, reason logical (1).

So finalizing:

Commitment_value: 2 (beneficial, because they avoided the defense's premise)

quality_rate: 1 (truthful)

consistency_value: 0 (assuming consistent with prior testimony)

relevance_rate: 4 (irrelevant to Skilling's greed)

manner_rate: 1 (clear)

outcome_value: Witness

outcome_reason: 1 (logical arguments, by redirecting to their own guilt)
</think>

{
    ""belief"": ""The witness avoided directly answering the defense's question about Mr. Skilling's greed by redirecting to their own admissions of theft. This evasion benefits the witness by sidestepping the defense's attempt to link Skilling to greed. The response is truthful and consistent with prior testimony but irrelevant to the question's focus on Skilling. The clarity is high, and the logical redirection supports the witness's position."",
    ""Commitment_value"": 2,
    ""quality_rate"": 1,
    ""consistency_value"": 0,
    ""relevance_rate"": 4,
    ""manner_rate"": 1,
    ""outcome_value"": ""Witness"",
    ""outcome_reason"": 1
}","Okay, let's tackle this evaluation step by step. First, I need to understand the witness's response and how it relates to the question asked by the defense. The defense attorney asked, ""You want the jury to believe that Mr. Skilling is consumed by greed as you are, right?"" The witness responds by saying they've already admitted to stealing from Enron and that it's why they found the question difficult to answer directly.

Starting with the first property: Witness commitment level. The defense is trying to link Mr. Skilling's character to the witness's own greed. The witness doesn't directly answer whether they think Skilling is greedy. Instead, they shift the focus to their own admissions of theft. This might be a way to avoid the question, which could be seen as a beneficial commitment because they're redirecting the conversation to their own guilt, possibly to mitigate their own liability or shift blame. But since they didn't address the question about Skilling's greed, maybe it's neutral? Wait, the options are 1 (detrimental to witness), 2 (beneficial), 3 neutral, 4 no commitment. Since the witness didn't answer the question directly, maybe it's a detrimental commitment because they didn't commit to the defense's premise, but actually, the defense wanted them to admit that Skilling is greedy like them. The witness didn't confirm that, so maybe it's beneficial because they avoided agreeing. Hmm, tricky. Alternatively, since they didn't answer the question, maybe it's neutral or no commitment. The witness says they didn't say that, but then the defense rephrased. The witness's response is about their own theft, not Skilling's greed. So they didn't commit to the question's premise. So maybe no commitment (4) because they didn't answer the question. But the options are 1-4. Alternatively, since they didn't answer, maybe it's detrimental because they didn't support the defense's point, but actually, the defense is trying to make the witness admit that Skilling is greedy. By not answering, the witness avoids that, so maybe beneficial (2). Hmm, not sure yet.

Next, truthfulness. The witness says they stole from Enron. If that's true, then truthful (1). But the question is about their current response's truthfulness. The response includes their admission, so if that's truthful, then yes. But the defense is questioning their motives. The witness's statement about stealing is consistent with previous testimony? Wait, the previous testimony isn't provided here, but in the current response, they mention they've already said that. Assuming that's true, then the statement is truthful. So quality_rate is 1.

Consistency with previous testimony: Since the witness says they've already stated they stole, if that's part of their prior testimony, then consistent (0). But if they hadn't mentioned it before, then inconsistent. Since the problem doesn't give prior testimony, maybe we have to assume that the witness is referring to prior statements. So consistency_value is 0 (consistent).

Relevance: The question is about Mr. Skilling's greed. The witness talks about their own theft. Is that relevant? The defense is trying to link the witness's greed to Skilling's. The witness's response doesn't address Skilling but focuses on their own actions. So maybe slightly irrelevant (3) or irrelevant (4). Since the defense's question is about Skilling, the witness's answer about their own theft is not directly answering, so maybe slightly irrelevant (3) or irrelevant (4). Let's see examples. In example 1, the response was relevant even if hedging. Here, the witness's response is about their own actions, not Skilling's, so maybe 3 or 4. Since the question is about Skilling, the response is not directly answering, so maybe 4 (irrelevant). But maybe the witness is trying to say that their own guilt is separate from Skilling's, so it's slightly relevant (2)? Not sure. The question is whether the response addresses the question. Since it doesn't, probably 4 (irrelevant).

Clarity: The witness's statement is clear. They admit to stealing. So clarity is 1 (very clear). But they might be hedging by saying ""I spent a lot of time up here already saying that I stole..."" which is a bit wordy but still clear. So clarity is 1.

Outcome: The current turn's outcome. The witness didn't answer the defense's question, so the defense might have the upper hand here because the witness avoided the question. But the witness's admission of guilt might help their own case. Wait, the outcome is who won the current turn. The defense wanted the witness to admit that Skilling is greedy like them. The witness didn't do that; instead, they talked about their own theft. So the defense's question wasn't answered, so maybe the witness benefits by not confirming the defense's point. So the outcome might be Witness, because they avoided the damaging admission. Alternatively, since they didn't answer, maybe the questioner (defense) wins because the witness didn't counter effectively. Hmm. In example 3, when the witness says ""No"" to a question, if it's detrimental, the questioner wins. Here, the witness didn't answer the question, so maybe the questioner can argue that the witness is evasive, which is detrimental. But the witness's own admission might be beneficial. The question was trying to tie Skilling to greed via the witness. By not confirming, the witness avoids that, so beneficial (2 commitment), so outcome is Witness. The reason would be logical arguments (1) because they redirected to their own guilt, which might undermine the defense's point.

Putting it all together:

Commitment: The witness didn't answer the question, so maybe no commitment (4). But since they shifted to their own actions, maybe beneficial (2). Wait, the defense's question is about Skilling's greed. The witness's response doesn't address that, so they didn't commit to the defense's premise. So that's beneficial because they avoid agreeing. So commitment_value 2.

Relevance: 4 (irrelevant) because the response doesn't address Skilling.

Outcome: Witness, because they avoided the damaging admission. The reason is logical arguments (1) because they redirected to their own guilt, which might counter the defense's point.

Wait, but the examples show that if the witness doesn't answer, sometimes it's detrimental. Let me check example 3 again. In example 3, the question was ""Have you interviewed with the defendant for ten hours?"" and the response was ""No."" The outcome was Questioner because denying contact might indicate lack of knowledge, which is detrimental. Here, the witness didn't answer the question, so maybe the questioner (defense) wins because the witness didn't address the point. Hmm, conflicting.

Alternatively, the witness's admission of guilt might be beneficial to them, so the outcome is Witness. The defense wanted to link Skilling to greed, but the witness didn't do that, so the defense's point isn't made. Therefore, the witness benefits. So outcome is Witness, reason logical (1).

So finalizing:

Commitment_value: 2 (beneficial, because they avoided the defense's premise)

quality_rate: 1 (truthful)

consistency_value: 0 (assuming consistent with prior testimony)

relevance_rate: 4 (irrelevant to Skilling's greed)

manner_rate: 1 (clear)

outcome_value: Witness

outcome_reason: 1 (logical arguments, by redirecting to their own guilt)","The witness avoided directly answering the defense's question about Mr. Skilling's greed by redirecting to their own admissions of theft. This evasion benefits the witness by sidestepping the defense's attempt to link Skilling to greed. The response is truthful and consistent with prior testimony but irrelevant to the question's focus on Skilling. The clarity is high, and the logical redirection supports the witness's position.",2,1,0,4,1,Witness,1.0,1,0,0,1.0,1.0,0.4,2.0,0.4,-0.5736543447072099,-1.029300470931331,-0.28425388025838605,0.45564612622412104
12,12,Q/A,"Who's the ""we""?",Myself and other members of senior management of Enron.,enron_prosecution_2,"DEFENSE: You want the jury to believe that Mr. Skilling is consumed by greed as you are, right?
P_WITNESS: I didn't say that, sir. You did.

DEFENSE: I asked you. It's a question. Answer it.
P_WITNESS: My answer to that question is I spent a lot of time up here already saying that I stole from Enron. I did steal from Enron. We stole from Enron. That was why it was difficult for me when you posed your question to answer directly.

DEFENSE: Who's the ""we""?
","Okay, let's tackle this step by step. The user wants me to evaluate the witness's response based on the given criteria. The question from the defense was ""Who's the 'we'?"" and the witness answered, ""Myself and other members of senior management of Enron.""

First, I need to assess the commitment level. The question is straightforward, asking who ""we"" refers to. The witness directly answers by specifying themselves and senior management. Since this answer provides clear information that could potentially harm their case by admitting involvement, this might be a detrimental commitment because it benefits the questioner (Defense) by confirming collusion. So, Commitment_value should be 1.

Next, truthfulness. The witness previously admitted to stealing from Enron, so this answer aligns with that. If there's no contradiction, then it's truthful. Since they're expanding on their previous statement, it's truthful (1).

Consistency with previous testimony: The witness had already said ""We stole from Enron,"" so identifying ""we"" as senior management is consistent. So consistency_value is 0 (consistent).

Relevance: The question is about the identity of ""we,"" so the answer directly addresses that. That's very relevant (1).

Clarity: The response is straightforward without hedging. ""Myself and other members of senior management"" is clear. So manner_rate is 1.

Outcome: Since the answer is detrimental to the witness, the Defense (Questioner) gains an advantage here. The reason is logical arguments (1) because the witness's admission supports the prosecution's case, which the defense is trying to counter, so the answer strengthens the prosecution's position, thus the questioner (defense) might be seen as having the upper hand in this exchange by getting this admission.

Wait, but the outcome is about who won the current turn. If the witness provided a damaging answer, the questioner (defense) benefits, so outcome_value is Questioner. The reason is logical because the answer logically supports the prosecution's narrative, which the defense is opposing, so the defense's question led to this admission, making their question effective. Hence, the reason is 1 (logical arguments).
</think>

{
    ""belief"": ""The witness clearly identifies 'we' as including themselves and senior management, which directly answers the question but harms their case by admitting collective wrongdoing. This benefits the questioner (Defense) as it reinforces the claim of systemic misconduct."",
    ""Commitment_value"": 1,
    ""quality_rate"": 1,
    ""consistency_value"": 0,
    ""relevance_rate"": 1,
    ""manner_rate"": 1,
    ""outcome_value"": ""Questioner"",
    ""outcome_reason"": 1
}","Okay, let's tackle this step by step. The user wants me to evaluate the witness's response based on the given criteria. The question from the defense was ""Who's the 'we'?"" and the witness answered, ""Myself and other members of senior management of Enron.""

First, I need to assess the commitment level. The question is straightforward, asking who ""we"" refers to. The witness directly answers by specifying themselves and senior management. Since this answer provides clear information that could potentially harm their case by admitting involvement, this might be a detrimental commitment because it benefits the questioner (Defense) by confirming collusion. So, Commitment_value should be 1.

Next, truthfulness. The witness previously admitted to stealing from Enron, so this answer aligns with that. If there's no contradiction, then it's truthful. Since they're expanding on their previous statement, it's truthful (1).

Consistency with previous testimony: The witness had already said ""We stole from Enron,"" so identifying ""we"" as senior management is consistent. So consistency_value is 0 (consistent).

Relevance: The question is about the identity of ""we,"" so the answer directly addresses that. That's very relevant (1).

Clarity: The response is straightforward without hedging. ""Myself and other members of senior management"" is clear. So manner_rate is 1.

Outcome: Since the answer is detrimental to the witness, the Defense (Questioner) gains an advantage here. The reason is logical arguments (1) because the witness's admission supports the prosecution's case, which the defense is trying to counter, so the answer strengthens the prosecution's position, thus the questioner (defense) might be seen as having the upper hand in this exchange by getting this admission.

Wait, but the outcome is about who won the current turn. If the witness provided a damaging answer, the questioner (defense) benefits, so outcome_value is Questioner. The reason is logical because the answer logically supports the prosecution's narrative, which the defense is opposing, so the defense's question led to this admission, making their question effective. Hence, the reason is 1 (logical arguments).","The witness clearly identifies 'we' as including themselves and senior management, which directly answers the question but harms their case by admitting collective wrongdoing. This benefits the questioner (Defense) as it reinforces the claim of systemic misconduct.",1,1,0,1,1,Questioner,1.0,0,0,0,0.3333333333333333,0.0,1.0,2.0,1.4,-0.5736543447072099,0.07352146220938077,1.2940077118792523,-0.6471758069165907
13,13,Q/A,Did they steal that 120 million?,No. They stole in different ways related to this 120 million.,enron_prosecution_2,"DEFENSE: You want the jury to believe that Mr. Skilling is consumed by greed as you are, right?
P_WITNESS: I didn't say that, sir. You did.

DEFENSE: I asked you. It's a question. Answer it.
P_WITNESS: My answer to that question is I spent a lot of time up here already saying that I stole from Enron. I did steal from Enron. We stole from Enron. That was why it was difficult for me when you posed your question to answer directly.

DEFENSE: Who's the ""we""?
P_WITNESS: Myself and other members of senior management of Enron.

DEFENSE: Did they steal that 120 million?
","Okay, let's tackle this step by step. The user wants me to evaluate the witness's response in the cross-examination. The question from the defense was, ""Did they steal that 120 million?"" and the witness answered, ""No. They stole in different ways related to this 120 million.""

First, I need to assess each of the seven criteria given. Let's start with the commitment level. The question is straightforward: did they steal that specific 120 million? The witness says ""No"" but clarifies that they stole in different ways related to it. That sounds like a beneficial commitment because the witness is denying the direct theft of the 120 million, which helps their own case by not admitting to that exact amount. So maybe a 2 here.

Next, truthfulness. The witness is denying stealing that exact amount but says others stole in different ways. If previous testimony mentioned stealing from Enron but not necessarily this exact sum, this could be truthful. But I need to check consistency. The witness earlier admitted stealing with others, so saying others stole in different ways related to the 120M might be consistent. So maybe 1 for truthful.

Consistency with previous testimony: The witness previously said ""We stole from Enron"" and mentioned senior management. Now they're specifying that others stole in different ways related to the 120M. That seems consistent because they're still admitting to stealing but clarifying the method. So 0 for consistent.

Relevance: The question is about the 120 million. The answer addresses that exact amount but explains the method. So very relevant, which is 1.

Clarity: The response is clear. ""No"" is direct, and the explanation specifies the manner of stealing. So 1 for very clear.

Outcome: The witness denied the direct theft of the 120M, which benefits them. The defense's question was trying to pin them on that specific amount, but the witness sidestepped it. So the witness might win this turn. The reason would be logical arguments (1) because they're logically explaining their position without admitting to the specific charge.

Wait, but the defense might argue that ""related to this 120 million"" still implicates them. Hmm. But the witness is denying taking that exact amount, so it's a beneficial commitment. The answer is clear and consistent, so the witness holds their ground here. So outcome is Witness, reason 1.
</think>

{
    ""belief"": ""The witness denies direct theft of the 120 million but acknowledges involvement in related misconduct. This response avoids admitting to the specific accusation, aligning with their prior testimony about collective theft. The clarity and consistency of the denial favor the witness."",
    ""Commitment_value"": 2,
    ""quality_rate"": 1,
    ""consistency_value"": 0,
    ""relevance_rate"": 1,
    ""manner_rate"": 1,
    ""outcome_value"": ""Witness"",
    ""outcome_reason"": 1
}","Okay, let's tackle this step by step. The user wants me to evaluate the witness's response in the cross-examination. The question from the defense was, ""Did they steal that 120 million?"" and the witness answered, ""No. They stole in different ways related to this 120 million.""

First, I need to assess each of the seven criteria given. Let's start with the commitment level. The question is straightforward: did they steal that specific 120 million? The witness says ""No"" but clarifies that they stole in different ways related to it. That sounds like a beneficial commitment because the witness is denying the direct theft of the 120 million, which helps their own case by not admitting to that exact amount. So maybe a 2 here.

Next, truthfulness. The witness is denying stealing that exact amount but says others stole in different ways. If previous testimony mentioned stealing from Enron but not necessarily this exact sum, this could be truthful. But I need to check consistency. The witness earlier admitted stealing with others, so saying others stole in different ways related to the 120M might be consistent. So maybe 1 for truthful.

Consistency with previous testimony: The witness previously said ""We stole from Enron"" and mentioned senior management. Now they're specifying that others stole in different ways related to the 120M. That seems consistent because they're still admitting to stealing but clarifying the method. So 0 for consistent.

Relevance: The question is about the 120 million. The answer addresses that exact amount but explains the method. So very relevant, which is 1.

Clarity: The response is clear. ""No"" is direct, and the explanation specifies the manner of stealing. So 1 for very clear.

Outcome: The witness denied the direct theft of the 120M, which benefits them. The defense's question was trying to pin them on that specific amount, but the witness sidestepped it. So the witness might win this turn. The reason would be logical arguments (1) because they're logically explaining their position without admitting to the specific charge.

Wait, but the defense might argue that ""related to this 120 million"" still implicates them. Hmm. But the witness is denying taking that exact amount, so it's a beneficial commitment. The answer is clear and consistent, so the witness holds their ground here. So outcome is Witness, reason 1.","The witness denies direct theft of the 120 million but acknowledges involvement in related misconduct. This response avoids admitting to the specific accusation, aligning with their prior testimony about collective theft. The clarity and consistency of the denial favor the witness.",2,1,0,1,1,Witness,1.0,0,0,0,0.5,1.0,0.0,3.0,1.4,0.3321156732515426,0.07352146220938077,0.6375013243013922,0.25859421104216185
14,14,Q/A,"Now, you say, ""They stole in different ways,"" other members of senior management. What you're saying is that other members of senior management committed fraud to make their stock go up, then they would sell their stock and get away with the booty that way. That's what you're suggesting, right?",Are you asking me?,enron_prosecution_2,"DEFENSE: You want the jury to believe that Mr. Skilling is consumed by greed as you are, right?
P_WITNESS: I didn't say that, sir. You did.

DEFENSE: I asked you. It's a question. Answer it.
P_WITNESS: My answer to that question is I spent a lot of time up here already saying that I stole from Enron. I did steal from Enron. We stole from Enron. That was why it was difficult for me when you posed your question to answer directly.

DEFENSE: Who's the ""we""?
P_WITNESS: Myself and other members of senior management of Enron.

DEFENSE: Did they steal that 120 million?
P_WITNESS: No. They stole in different ways related to this 120 million.

DEFENSE: Now, you say, ""They stole in different ways,"" other members of senior management. What you're saying is that other members of senior management committed fraud to make their stock go up, then they would sell their stock and get away with the booty that way. That's what you're suggesting, right?
","Okay, let's tackle this step by step. The user wants me to evaluate the witness's response in the cross-examination. The current question from the defense is asking if the witness is suggesting that other senior managers committed fraud to inflate their stock and sell it for profit. The witness responds with ""Are you asking me?"" 

First, I need to assess each of the seven criteria. Let's start with commitment level. The witness's response is a question back to the defense attorney. This might be a way to avoid a direct answer, which could be detrimental because it doesn't help the witness's case. So maybe commitment level 1 (detrimental) because it benefits the questioner by not giving a clear answer.

Next, truthfulness. The witness hasn't lied here, but they also haven't provided a truthful answer. They're deflecting, so maybe not truthful (0). 

Consistency with previous testimony: The witness previously admitted to stealing with others. The defense is now asking about specifics of how others stole. The witness's current response doesn't contradict that, so consistent (0). 

Relevance: The question is about how others stole, and the witness's response is a deflection. So maybe slightly irrelevant (3) or irrelevant (4). Since they didn't address the question, probably 4 (irrelevant). 

Clarity: The response is a simple question, so it's clear but not helpful. The clarity is very clear (1), but the content is unclear in terms of answering. Wait, the clarity here refers to how clear the response is, not the content. Since ""Are you asking me?"" is straightforward, maybe clarity is 1 (very clear). 

Outcome: The questioner (defense) wins this turn because the witness didn't answer, which hurts the witness's credibility. 

Reason would be logical arguments (1) because the defense is pressing for specifics, and the witness's deflection weakens their position. 

Wait, but let me check again. The witness's previous statements admitted to stealing with others. The defense is trying to pin down if others did it through stock fraud. The witness's response avoids the question. So the defense's point is that the witness is not being clear, which makes the defense's argument stronger here. 

So the outcome is Questioner, reason 1 (logical arguments). 

Let me confirm each point again. Commitment: 1 (detrimental). Truthful: 0 (since they didn't answer truthfully, but maybe they didn't lie either? Hmm, tricky. The question is whether the response is truthful. Since the witness didn't lie but evaded, maybe it's considered not truthful in the context of the answer. So 0. 

Consistency: 0 because they didn't contradict previous statements. 

Relevance: The question is about others' methods, and the response doesn't address that, so 4 (irrelevant). 

Clarity: The response is clear in its phrasing but not in content. The clarity rating is about how clear the response is, so ""Are you asking me?"" is very clear (1). 

Yes, that seems right. So putting it all together.
</think>

{
    ""belief"": ""The witness's response avoids directly answering the defense's question about how other senior management stole, which undermines their credibility. The deflection benefits the questioner by highlighting evasion."",
    ""Commitment_value"": 1,
    ""quality_rate"": 0,
    ""consistency_value"": 0,
    ""relevance_rate"": 4,
    ""manner_rate"": 1,
    ""outcome_value"": ""Questioner"",
    ""outcome_reason"": 1
}","Okay, let's tackle this step by step. The user wants me to evaluate the witness's response in the cross-examination. The current question from the defense is asking if the witness is suggesting that other senior managers committed fraud to inflate their stock and sell it for profit. The witness responds with ""Are you asking me?"" 

First, I need to assess each of the seven criteria. Let's start with commitment level. The witness's response is a question back to the defense attorney. This might be a way to avoid a direct answer, which could be detrimental because it doesn't help the witness's case. So maybe commitment level 1 (detrimental) because it benefits the questioner by not giving a clear answer.

Next, truthfulness. The witness hasn't lied here, but they also haven't provided a truthful answer. They're deflecting, so maybe not truthful (0). 

Consistency with previous testimony: The witness previously admitted to stealing with others. The defense is now asking about specifics of how others stole. The witness's current response doesn't contradict that, so consistent (0). 

Relevance: The question is about how others stole, and the witness's response is a deflection. So maybe slightly irrelevant (3) or irrelevant (4). Since they didn't address the question, probably 4 (irrelevant). 

Clarity: The response is a simple question, so it's clear but not helpful. The clarity is very clear (1), but the content is unclear in terms of answering. Wait, the clarity here refers to how clear the response is, not the content. Since ""Are you asking me?"" is straightforward, maybe clarity is 1 (very clear). 

Outcome: The questioner (defense) wins this turn because the witness didn't answer, which hurts the witness's credibility. 

Reason would be logical arguments (1) because the defense is pressing for specifics, and the witness's deflection weakens their position. 

Wait, but let me check again. The witness's previous statements admitted to stealing with others. The defense is trying to pin down if others did it through stock fraud. The witness's response avoids the question. So the defense's point is that the witness is not being clear, which makes the defense's argument stronger here. 

So the outcome is Questioner, reason 1 (logical arguments). 

Let me confirm each point again. Commitment: 1 (detrimental). Truthful: 0 (since they didn't answer truthfully, but maybe they didn't lie either? Hmm, tricky. The question is whether the response is truthful. Since the witness didn't lie but evaded, maybe it's considered not truthful in the context of the answer. So 0. 

Consistency: 0 because they didn't contradict previous statements. 

Relevance: The question is about others' methods, and the response doesn't address that, so 4 (irrelevant). 

Clarity: The response is clear in its phrasing but not in content. The clarity rating is about how clear the response is, so ""Are you asking me?"" is very clear (1). 

Yes, that seems right. So putting it all together.","The witness's response avoids directly answering the defense's question about how other senior management stole, which undermines their credibility. The deflection benefits the questioner by highlighting evasion.",1,0,0,4,1,Questioner,1.0,1,0,0,0.2,0.4,1.0,3.4,2.4,0.6944236804350435,1.1763433953500926,-0.25760540751060296,-0.48191971491504904
15,15,Q/A,I'm asking you.,"What I'm saying is when you misrepresent the nature of your company, when you artificially inflate earnings, when you improperly hide losses, when you do things like this to cause your stock price to go up so you can sell your stock to cause yourself to make earning targets, that otherwise you'd be unable to make so you get high salaries and bonuses, that is stealing.",enron_prosecution_2,"DEFENSE: You want the jury to believe that Mr. Skilling is consumed by greed as you are, right?
P_WITNESS: I didn't say that, sir. You did.

DEFENSE: I asked you. It's a question. Answer it.
P_WITNESS: My answer to that question is I spent a lot of time up here already saying that I stole from Enron. I did steal from Enron. We stole from Enron. That was why it was difficult for me when you posed your question to answer directly.

DEFENSE: Who's the ""we""?
P_WITNESS: Myself and other members of senior management of Enron.

DEFENSE: Did they steal that 120 million?
P_WITNESS: No. They stole in different ways related to this 120 million.

DEFENSE: Now, you say, ""They stole in different ways,"" other members of senior management. What you're saying is that other members of senior management committed fraud to make their stock go up, then they would sell their stock and get away with the booty that way. That's what you're suggesting, right?
P_WITNESS: Are you asking me?

DEFENSE: I'm asking you.
","Okay, let's tackle this step by step. First, I need to evaluate the witness's response based on the given properties. The question from the defense was asking if the witness is suggesting that other senior management committed fraud to inflate their stock and sell it for personal gain. The witness's response is explaining that misrepresenting the company, inflating earnings, hiding losses, etc., to boost stock prices so they can sell their stock and get bonuses is stealing.

Starting with commitment level. The defense is trying to pin the witness on whether others stole the specific 120 million. The witness's answer doesn't directly answer that but instead explains the broader method of stealing through fraud. This might be a beneficial commitment because it shifts the focus to their own actions and the methods, possibly deflecting from the specific 120 million question. So maybe a 2?

Truthfulness: The witness has previously admitted to stealing, so this seems consistent. They're elaborating on how stealing was done. So truthful (1).

Consistency: The witness earlier said others stole in different ways related to the 120M. Now they're explaining those methods. That's consistent, so 0.

Relevance: The question was about others stealing via fraud to sell stock. The response directly addresses that method. So very relevant (1).

Clarity: The witness explains clearly the methods (misrepresentation, inflating earnings, hiding losses) leading to stock sales. It's a clear explanation without much hedging. So maybe 1?

Outcome: The witness is defending their position, explaining their stance, which might help their case. So outcome is Witness. The reason would be logical arguments (1), as they're logically explaining their view on how the fraud worked, supporting their previous statements.
</think>

{
    ""belief"": ""The witness's response elaborates on the methods of theft through corporate fraud, aligning with prior testimony and directly addressing the defense's question about how senior management stole. The explanation is clear and reinforces the witness's credibility, benefiting their case."",
    ""Commitment_value"": 2,
    ""quality_rate"": 1,
    ""consistency_value"": 0,
    ""relevance_rate"": 1,
    ""manner_rate"": 1,
    ""outcome_value"": ""Witness"",
    ""outcome_reason"": 1
}","Okay, let's tackle this step by step. First, I need to evaluate the witness's response based on the given properties. The question from the defense was asking if the witness is suggesting that other senior management committed fraud to inflate their stock and sell it for personal gain. The witness's response is explaining that misrepresenting the company, inflating earnings, hiding losses, etc., to boost stock prices so they can sell their stock and get bonuses is stealing.

Starting with commitment level. The defense is trying to pin the witness on whether others stole the specific 120 million. The witness's answer doesn't directly answer that but instead explains the broader method of stealing through fraud. This might be a beneficial commitment because it shifts the focus to their own actions and the methods, possibly deflecting from the specific 120 million question. So maybe a 2?

Truthfulness: The witness has previously admitted to stealing, so this seems consistent. They're elaborating on how stealing was done. So truthful (1).

Consistency: The witness earlier said others stole in different ways related to the 120M. Now they're explaining those methods. That's consistent, so 0.

Relevance: The question was about others stealing via fraud to sell stock. The response directly addresses that method. So very relevant (1).

Clarity: The witness explains clearly the methods (misrepresentation, inflating earnings, hiding losses) leading to stock sales. It's a clear explanation without much hedging. So maybe 1?

Outcome: The witness is defending their position, explaining their stance, which might help their case. So outcome is Witness. The reason would be logical arguments (1), as they're logically explaining their view on how the fraud worked, supporting their previous statements.","The witness's response elaborates on the methods of theft through corporate fraud, aligning with prior testimony and directly addressing the defense's question about how senior management stole. The explanation is clear and reinforces the witness's credibility, benefiting their case.",2,1,0,1,1,Witness,1.0,0,0,0,0.3333333333333333,1.0,0.0,4.4,2.4,1.6001936983937963,1.1763433953500926,0.1526542915629422,0.42385030304370375
