,Unnamed: 0.1,Unnamed: 0,type,question,answer,source,all_history,raw_response,thinking,belief,Committment_value,quality_rate,consistency_value,relevance_rate,manner_rate,outcome_value,outcome_reason,relevance_binary,manner_binary,quality_binary,NRA,bat,pat,bat_cumsum,pat_cumsum,Z_BaT,Z_PaT,ZNRBaT,net_ZNRBaT
32,32,32.0,Q/A,"The next one is dated [sic] 277 for $10,000 to Ms. Bender; correct?",That's correct.,enron_defense_1,"PROSECUTION: Sir, 24680 is a check [to Ms. Bender] dated March 3 of 1998, Number 276; correct?
D_WITNESS: Yes, that's correct.

PROSECUTION: The next one is dated [sic] 277 for $10,000 to Ms. Bender; correct?
","```json
{
    ""belief"": ""The witness is confirming the prosecution's statements about the checks, which directly aids the prosecution in establishing their factual narrative. The witness offers no resistance or alternative explanation, making this turn a clear win for the questioner."",
    ""Commitment_value"": 1,
    ""quality_rate"": 1,
    ""consistency_value"": 0,
    ""relevance_rate"": 1,
    ""manner_rate"": 1,
    ""outcome_value"": ""Questioner"",
    ""outcome_reason"": 1
}
```","Alright, let's put on the legal hat. This is a straightforward witness response in cross-examination, and the task is to dissect it and determine its impact. I'm being asked to act as a juror here, analyzing a single exchange.

The prosecution is methodically going through specific facts - check numbers, presumably details crucial to their case. The witness's response, “That's correct,” is, well, *that's* telling.

Firstly, in terms of **commitment level**, it's a slam dunk for the prosecution. That simple confirmation is a clear detrimental commitment. The witness is essentially handing them a building block for their argument. So, that's a (1).

**Truthfulness?** Hmm, I have no reason to believe the witness is deliberately misleading anyone. They are simply agreeing. Assuming the basic facts presented by the prosecution are accurate, then the witness is being truthful, which is also (1).

**Consistency?** This is where we compare the current response with the previous one. The pattern is the same: The witness is confirming details provided by the prosecution, so there's consistency there. No change in the witness's position. This gets a (0).

As for **relevance**, it’s all about the facts. The question is laser-focused on the specific check. The answer directly acknowledges the check, so that's a (1).

**Clarity** is also high. ""That's correct"" leaves no room for misinterpretation. Extremely clear, and it gets a (1).

Now, to the bigger picture: **current turn outcome**. The prosecution is methodically building their case. The witness isn't offering any resistance, just agreeing. This turn *definitely* favors the prosecution. 

Finally, let's consider the **reasons for the current outcome**. The prosecution is presenting facts – check numbers, dates, amounts, payees. The witness is simply confirming those facts. Therefore, it is based on logical arguments, with the facts being established. Thus it is a (1) here as well.

Now, let's construct the JSON.
","The witness is confirming the prosecution's statements about the checks, which directly aids the prosecution in establishing their factual narrative. The witness offers no resistance or alternative explanation, making this turn a clear win for the questioner.",1,1,0,1,1,Questioner,1.0,0,0,0,-1,0.0,1.0,0.0,1.0,-0.3779644730092272,-1.6711276161567281,-0.6310907889327018,1.2931631431475008
33,33,33.0,Q/A,"The next one in sequence, March 2nd, 1998, $10,000 to Ms. Bender?",That's correct.,enron_defense_1,"PROSECUTION: Sir, 24680 is a check [to Ms. Bender] dated March 3 of 1998, Number 276; correct?
D_WITNESS: Yes, that's correct.

PROSECUTION: The next one is dated [sic] 277 for $10,000 to Ms. Bender; correct?
D_WITNESS: That's correct.

PROSECUTION: The next one in sequence, March 2nd, 1998, $10,000 to Ms. Bender?
","```json
{
    ""belief"": ""The prosecution is effectively building a sequence of facts by presenting check details and having the witness confirm each one. The witness's consistent agreement allows the prosecution to establish their narrative without challenge."",
    ""Commitment_value"": 1,
    ""quality_rate"": 1,
    ""consistency_value"": 0,
    ""relevance_rate"": 1,
    ""manner_rate"": 1,
    ""outcome_value"": ""Questioner"",
    ""outcome_reason"": 1
}
```","Okay, here's my analysis, distilled into a JSON-ready format. I'm stepping into this role as the juror, evaluating the witness's latest statement in this cross-examination. Let's break it down logically, as I would in the courtroom.

The prosecution just presented another fact about a check – date and amount – and the witness simply replied, ""That's correct."" Here's what I'm thinking:

*   **Witness Commitment Level (Commitment\_value: 1):**  This is *detrimental* to the witness's side. By saying ""That's correct,"" they are actively *helping* the prosecution establish a pattern of payments.  Each ""yes"" reinforces the prosecution's narrative, whatever that may be. They aren't disputing the facts; they're confirming them, which makes it easier for the prosecution.

*   **Witness Truthfulness (quality\_rate: 1):**  I have no reason to doubt the *truth* of the statement. The witness is simply agreeing with a factual presentation. There's nothing in the transcript to suggest a lie or deception.

*   **Consistency with Previous Testimony (consistency\_value: 0):**  Perfect consistency. The witness is following the same pattern established in the previous questions: agreeing with the prosecution’s presentation. It's a clear, unwavering confirmation.

*   **Response Relevance (relevance\_rate: 1):**  Absolutely relevant. The question was about a specific check detail, and the answer, ""That's correct,"" directly confirms that detail. No ambiguity there.

*   **Response Clarity (manner\_rate: 1):**  Crystal clear. ""That's correct"" is about as unambiguous as it gets. No waffling, no hedging.

*   **Current Turn Outcome (outcome\_value: ""Questioner""):** The prosecution is winning this round. They're laying the groundwork and establishing facts without any pushback. The witness is essentially facilitating the prosecution's narrative.

*   **Reasons for Current Outcome (outcome\_reason: 1):** The prosecution is succeeding because they're presenting facts, and the witness is agreeing. It’s a simple, logical building of the prosecution's argument. It is the logical argument that wins, here.

This is what I'd put together in the JSON:

```json
{
  ""Commitment_value"": 1,
  ""quality_rate"": 1,
  ""consistency_value"": 0,
  ""relevance_rate"": 1,
  ""manner_rate"": 1,
  ""outcome_value"": ""Questioner"",
  ""outcome_reason"": 1
}
```
",The prosecution is effectively building a sequence of facts by presenting check details and having the witness confirm each one. The witness's consistent agreement allows the prosecution to establish their narrative without challenge.,1,1,0,1,1,Questioner,1.0,0,0,0,-1,0.0,1.0,0.0,2.0,-0.3779644730092272,-1.1022331085289059,-0.48930537689911763,0.7242686355196787
36,36,36.0,Q/A,"Can you explain to the jury, sir, why it is that Check 277 has a date of December 28, 1997?","No, I can't, Mr. Berkowitz. And if it’s – if you believe that this is somehow a violation of a tax laws. I'd be happy to sit down and talk to you about it, because it's not...",enron_defense_1,"PROSECUTION: Sir, 24680 is a check [to Ms. Bender] dated March 3 of 1998, Number 276; correct?
D_WITNESS: Yes, that's correct.

PROSECUTION: The next one is dated [sic] 277 for $10,000 to Ms. Bender; correct?
D_WITNESS: That's correct.

PROSECUTION: The next one in sequence, March 2nd, 1998, $10,000 to Ms. Bender?
D_WITNESS: That's correct.

PROSECUTION: The next one, 279April 10th of 1998, $55,000 to the IRS?
D_WITNESS: That's correct.

PROSECUTION: Sir, is it your testimony that you did not backdate that Check Number 277?
D_WITNESS: I don't recall.

PROSECUTION: Can you explain to the jury, sir, why it is that Check 277 has a date of December 28, 1997?
","```json
{
    ""belief"": ""The prosecution gains ground here. The witness's direct admission of inability to explain the discrepancy regarding Check 277's date leaves the prosecution's implication of backdating unchallenged by an explanation. While the witness attempts to pivot to a discussion about tax laws, the core question about the date discrepancy remains unanswered, which benefits the questioner."",
    ""Commitment_value"": 1,
    ""quality_rate"": 1,
    ""consistency_value"": 0,
    ""relevance_rate"": 2,
    ""manner_rate"": 1,
    ""outcome_value"": ""Questioner"",
    ""outcome_reason"": 1
}
```","Alright, here's how I'm thinking through this cross-examination response. The task is to be a critical evaluator, acting as a juror, and I've got my criteria laid out.

First, the *commitment level*. The core question is about the date of that check. The witness's immediate response, ""No, I can't,"" is a direct and, from their perspective, harmful admission. It doesn't provide the jury with an explanation. That's a damaging commitment, and so I'm going to mark that down as a ""1.""

Next, the *truthfulness* of the witness. Now, this is tricky. I can only work with the provided text, and without any outside information. Given that constraint, I have to assume the witness *believes* they cannot explain. Since the prompt asks for ""truthfulness"", I have to rate the witness's statement against their internal belief, meaning that the truthfulness of the statement is 1, or truthful.

Then, I have to assess *consistency with previous testimony*. The prosecution established a sequence of checks, and the witness previously said they didn't *recall* backdating Check 277, or stated it was ""correct"" when the check was mentioned. The current question is about *why* the check has the date it does, which is what's being questioned, and that's the point where the witness claims that they can't explain. So, ""I don't recall"" can be seen as a variation of ""I can't explain."" Since it doesn't contradict any of the prior assertions, I'm going to rate this as ""0"", meaning the testimony is consistent.

Finally, the *response relevance*. The question asked specifically about explaining the date of the check. The witness's response, the initial ""No, I can't,"" is directly answering the question. It directly addresses the ""can you explain"" aspect of the question. So, I'll mark this as ""4.""

So, I'm ready to put all that together, given my professional experience.
","The prosecution gains ground here. The witness's direct admission of inability to explain the discrepancy regarding Check 277's date leaves the prosecution's implication of backdating unchallenged by an explanation. While the witness attempts to pivot to a discussion about tax laws, the core question about the date discrepancy remains unanswered, which benefits the questioner.",1,1,0,2,1,Questioner,1.0,0,0,0,-1,0.0,1.0,0.0,3.0,-0.3779644730092272,-0.5333386009010834,-0.17049665730321895,0.15537412789185623
37,37,37.0,Q/A,"And, sir, is it your testimony that your relationship-that the personal nature of your relationship with Ms. Bender ended in 1998?",I'm sorry.,enron_defense_1,"PROSECUTION: Sir, 24680 is a check [to Ms. Bender] dated March 3 of 1998, Number 276; correct?
D_WITNESS: Yes, that's correct.

PROSECUTION: The next one is dated [sic] 277 for $10,000 to Ms. Bender; correct?
D_WITNESS: That's correct.

PROSECUTION: The next one in sequence, March 2nd, 1998, $10,000 to Ms. Bender?
D_WITNESS: That's correct.

PROSECUTION: The next one, 279April 10th of 1998, $55,000 to the IRS?
D_WITNESS: That's correct.

PROSECUTION: Sir, is it your testimony that you did not backdate that Check Number 277?
D_WITNESS: I don't recall.

PROSECUTION: Can you explain to the jury, sir, why it is that Check 277 has a date of December 28, 1997?
D_WITNESS: No, I can't, Mr. Berkowitz. And if it’s – if you believe that this is somehow a violation of a tax laws. I'd be happy to sit down and talk to you about it, because it's not...

PROSECUTION: And, sir, is it your testimony that your relationship-that the personal nature of your relationship with Ms. Bender ended in 1998?
","```json
{
  ""belief"": ""The witness's response \""I'm sorry\"" is an evasive answer to a direct question. It does not provide any information and effectively stalls the cross-examination. This allows the prosecutor to press the point further or rephrase the question, thus giving the advantage to the questioner in this turn."",
  ""Commitment_value"": 4,
  ""quality_rate"": 1,
  ""consistency_value"": 0,
  ""relevance_rate"": 4,
  ""manner_rate"": 4,
  ""outcome_value"": ""Questioner"",
  ""outcome_reason"": 1
}
```","Alright, let's break this down. The witness, following a series of questions about checks and dates, just gave a non-answer. My gut reaction is, ""I'm sorry"" is a classic dodge.

First, the commitment level is nil. They didn't answer the crucial question about the relationship's end in '98. No commitment whatsoever.

Now, is it *truthful*? That's tricky. They *sound* sincere. But ""I'm sorry"" could be for any number of reasons, making it hard to connect to the content of the question. I'll lean towards truthful in that they are likely sorry for *something,* even if it’s just being in this situation.

The response doesn't contradict anything said previously, so it’s consistent with prior testimony. No red flags there.

However, the relevance is shot. The question was direct; the answer, a generic apology. Not a single bit of information about the relationship. Utterly irrelevant to the question.

Clarity? Forget it. ""I'm sorry"" is vague as hell. What are they sorry *for*? Not hearing the question? Not wanting to answer? Flustered? The ambiguity is the whole point.

The outcome of this turn favors the prosecution. The witness failed to provide a real answer, which means the prosecutor can follow up and press the point. It's an evasion, pure and simple.

The underlying reason? Evasion. The witness avoided a direct answer. This puts the pressure back on the prosecution, who now has the advantage to push forward. The ""I'm sorry"" is a stalling tactic, a chance to regroup, and it does the witness no favors.
","The witness's response ""I'm sorry"" is an evasive answer to a direct question. It does not provide any information and effectively stalls the cross-examination. This allows the prosecutor to press the point further or rephrase the question, thus giving the advantage to the questioner in this turn.",4,1,0,4,4,Questioner,1.0,1,1,0,-1,0.0,0.5,0.0,3.5,-0.3779644730092272,-0.24889134708717228,0.20590560346429537,-0.12907312592205492
38,38,38.0,Q/A,Is it your testimony that the personal nature of your relationship with Ms. Bender ended in 1998?,"Oh, no. We stayed friends. We're friends. I haven’t talked to her in awhile, but we may have occasionally dated some subsequent to that.",enron_defense_1,"PROSECUTION: Sir, 24680 is a check [to Ms. Bender] dated March 3 of 1998, Number 276; correct?
D_WITNESS: Yes, that's correct.

PROSECUTION: The next one is dated [sic] 277 for $10,000 to Ms. Bender; correct?
D_WITNESS: That's correct.

PROSECUTION: The next one in sequence, March 2nd, 1998, $10,000 to Ms. Bender?
D_WITNESS: That's correct.

PROSECUTION: The next one, 279April 10th of 1998, $55,000 to the IRS?
D_WITNESS: That's correct.

PROSECUTION: Sir, is it your testimony that you did not backdate that Check Number 277?
D_WITNESS: I don't recall.

PROSECUTION: Can you explain to the jury, sir, why it is that Check 277 has a date of December 28, 1997?
D_WITNESS: No, I can't, Mr. Berkowitz. And if it’s – if you believe that this is somehow a violation of a tax laws. I'd be happy to sit down and talk to you about it, because it's not...

PROSECUTION: And, sir, is it your testimony that your relationship-that the personal nature of your relationship with Ms. Bender ended in 1998?
D_WITNESS: I'm sorry.

PROSECUTION: Is it your testimony that the personal nature of your relationship with Ms. Bender ended in 1998?
","```json
{
    ""belief"": ""The witness's response directly contradicts the premise of the question (that the relationship ended in 1998) and provides information that is likely beneficial to the prosecution's case, as it suggests an ongoing personal connection beyond the stated date. The admission of potentially dating 'subsequent to that' is a key point for the questioner."",
    ""Commitment_value"": 1,
    ""quality_rate"": 1,
    ""consistency_value"": 0,
    ""relevance_rate"": 1,
    ""manner_rate"": 2,
    ""outcome_value"": ""Questioner"",
    ""outcome_reason"": 1
}
```","Alright, let's get this done. I'm acting as a juror here, and my task is to break down this witness's cross-examination response into a JSON object. Gotta be precise.

First, I have to evaluate the **witness commitment level**. The question framed the relationship's end in 1998, but the witness basically said ""no"" and hinted at further dating. That's a big commitment against the witness’s own position. The witness is practically handing the prosecution something juicy. That's a 1.

Now, **truthfulness**. Tough one. Purely based on this snippet, there's nothing to suggest the witness is lying. I’m going to go with a 1 for Truthful. This is assuming they believe what they are saying, no external factors.

Next, **consistency with previous testimony**. The earlier testimony involved ""I don't recall"" on a check backdating, and the witness couldn't explain the check's date. The prosecution's fishing for a link between the personal relationship and the financials. This new statement about the relationship *actually helps* their cause. It's consistent - the relationship existed, and it probably continued. So, 0 (Consistent) is the way to go.

**Response relevance** is a no-brainer. The question was about when the relationship ended, and the witness directly addressed that. A 1 (Very relevant) easily.

For **response clarity**, it's mostly clear. They denied the ending and mentioned dating again. But the ""may have occasionally"" part gives me pause. It’s a bit hedged, but mostly clear. I'd put it at a 2.

**Current turn outcome**. Well, the prosecution asked a targeted question about the timeline of a relationship, seeking to establish a link between the personal and financial aspects. The witness's answer undermines their own position, strengthening the prosecution's case, and so I am calling the *Questioner* the winner in this turn.

Finally, the **reasons for current outcome.** The witness's admission about subsequent dating is a *logical argument*. It's not about attacking credibility directly or trying to play on emotions. It is a direct concession. That lands squarely at a 1.

Alright, time to build the JSON…
","The witness's response directly contradicts the premise of the question (that the relationship ended in 1998) and provides information that is likely beneficial to the prosecution's case, as it suggests an ongoing personal connection beyond the stated date. The admission of potentially dating 'subsequent to that' is a key point for the questioner.",1,1,0,1,2,Questioner,1.0,0,0,0,-1,0.0,1.0,0.0,4.5,-0.3779644730092272,0.3200031605406501,12.04195701966325,-0.6979676335498772
39,39,39.0,Q/A,But your romantic relationship with her ended in 1997 or 1998?,We stayed friends after that.,enron_defense_1,"PROSECUTION: Sir, 24680 is a check [to Ms. Bender] dated March 3 of 1998, Number 276; correct?
D_WITNESS: Yes, that's correct.

PROSECUTION: The next one is dated [sic] 277 for $10,000 to Ms. Bender; correct?
D_WITNESS: That's correct.

PROSECUTION: The next one in sequence, March 2nd, 1998, $10,000 to Ms. Bender?
D_WITNESS: That's correct.

PROSECUTION: The next one, 279April 10th of 1998, $55,000 to the IRS?
D_WITNESS: That's correct.

PROSECUTION: Sir, is it your testimony that you did not backdate that Check Number 277?
D_WITNESS: I don't recall.

PROSECUTION: Can you explain to the jury, sir, why it is that Check 277 has a date of December 28, 1997?
D_WITNESS: No, I can't, Mr. Berkowitz. And if it’s – if you believe that this is somehow a violation of a tax laws. I'd be happy to sit down and talk to you about it, because it's not...

PROSECUTION: And, sir, is it your testimony that your relationship-that the personal nature of your relationship with Ms. Bender ended in 1998?
D_WITNESS: I'm sorry.

PROSECUTION: Is it your testimony that the personal nature of your relationship with Ms. Bender ended in 1998?
D_WITNESS: Oh, no. We stayed friends. We're friends. I haven’t talked to her in awhile, but we may have occasionally dated some subsequent to that.

PROSECUTION: But your romantic relationship with her ended in 1997 or 1998?
","```json
{
    ""belief"": ""The witness's current response, 'We stayed friends after that,' is a simplification that appears to contradict their previous statement about 'occasionally dated some subsequent to that.' The prosecution is trying to establish a clear end to the romantic relationship, and while this answer implies the romantic relationship ended (transitioning to friendship), it avoids a direct confirmation of the 1997/1998 timeframe and seems to walk back the nuance of their previous answer. This makes the witness appear less credible and gives the prosecution an opening to press further on the inconsistency or lack of a clear answer regarding the romantic relationship's end date."",
    ""Commitment_value"": 1,
    ""quality_rate"": 0,
    ""consistency_value"": 0,
    ""relevance_rate"": 1,
    ""manner_rate"": 2,
    ""outcome_value"": ""Questioner"",
    ""outcome_reason"": 1
}
```","Alright, let's see what we've got here. The user wants me to act as a juror and assess this witness's latest statement – ""We stayed friends after that"" – in JSON format.  The key thing to remember is I'm an expert, so I'm looking for subtle nuances.

The question the witness is responding to is about the end date of a romantic relationship: ""But your romantic relationship with her ended in 1997 or 1998?"" This is about pinning down a specific time frame.  Before this, the witness had already mentioned they ""stayed friends"" and even hinted at occasional dating *after* the purported end date.

So, here's how I break down this new response:

1.  **Witness commitment level:**  The prosecution is trying to nail down when the romance ended, the witness focuses on friendship, which is a slight evasion tactic.  However, the new statement ""We stayed friends after that"" is interesting. While the witness had mentioned they ""stayed friends"" before, this new statement suggests the romantic aspect *did* end. Given the prior admission of ""occasionally dated some subsequent to that,"" this is a simplification. This simplifies it, so it's actually a subtle commitment, and it's detrimental to the witness's case, because it kind of confirms the prosecution's implied timeframe (even if not directly).

2.  **Witness truthfulness:**  This is where it gets sticky.  The phrase ""We stayed friends after that"" directly contradicts the previous statement of ""occasionally dated"". Given the witness's earlier response, this new statement is, at best, an oversimplification. While technically, you can be friends and still date occasionally, this simplifies things in a way that appears potentially misleading, so I'm leaning towards untruthful.

3.  **Consistency with previous testimony:**  The previous testimony included the caveat of ""occasionally dated."" ""We stayed friends after that"" directly contradicts that nuance. Therefore, it's not consistent.

I need to put this all into a JSON format now…
","The witness's current response, 'We stayed friends after that,' is a simplification that appears to contradict their previous statement about 'occasionally dated some subsequent to that.' The prosecution is trying to establish a clear end to the romantic relationship, and while this answer implies the romantic relationship ended (transitioning to friendship), it avoids a direct confirmation of the 1997/1998 timeframe and seems to walk back the nuance of their previous answer. This makes the witness appear less credible and gives the prosecution an opening to press further on the inconsistency or lack of a clear answer regarding the romantic relationship's end date.",1,0,0,1,2,Questioner,1.0,0,0,0,-1,0.0,1.0,0.0,5.5,-0.3779644730092272,0.8888976681684725,-2.4795064270248677,-1.2668621411776997
40,40,40.0,Q/A,That's not my question.,"You'd have to define – what – what does this have to do with fraud at Enron Corporation, just out of curiosity?",enron_defense_1,"PROSECUTION: Sir, 24680 is a check [to Ms. Bender] dated March 3 of 1998, Number 276; correct?
D_WITNESS: Yes, that's correct.

PROSECUTION: The next one is dated [sic] 277 for $10,000 to Ms. Bender; correct?
D_WITNESS: That's correct.

PROSECUTION: The next one in sequence, March 2nd, 1998, $10,000 to Ms. Bender?
D_WITNESS: That's correct.

PROSECUTION: The next one, 279April 10th of 1998, $55,000 to the IRS?
D_WITNESS: That's correct.

PROSECUTION: Sir, is it your testimony that you did not backdate that Check Number 277?
D_WITNESS: I don't recall.

PROSECUTION: Can you explain to the jury, sir, why it is that Check 277 has a date of December 28, 1997?
D_WITNESS: No, I can't, Mr. Berkowitz. And if it’s – if you believe that this is somehow a violation of a tax laws. I'd be happy to sit down and talk to you about it, because it's not...

PROSECUTION: And, sir, is it your testimony that your relationship-that the personal nature of your relationship with Ms. Bender ended in 1998?
D_WITNESS: I'm sorry.

PROSECUTION: Is it your testimony that the personal nature of your relationship with Ms. Bender ended in 1998?
D_WITNESS: Oh, no. We stayed friends. We're friends. I haven’t talked to her in awhile, but we may have occasionally dated some subsequent to that.

PROSECUTION: But your romantic relationship with her ended in 1997 or 1998?
D_WITNESS: We stayed friends after that.

PROSECUTION: That's not my question.
","```json
{
    ""belief"": ""The witness's response is a clear deflection. Instead of answering the direct question about the end of a romantic relationship, the witness challenges the prosecution's line of questioning by questioning its relevance to the Enron fraud case. This avoids committing to an answer and attempts to shift the focus, but it fails to provide the requested information. The prosecution's goal is to elicit information, and the witness's refusal to answer means the prosecution did not get what they sought in this turn."",
    ""Commitment_value"": 4,
    ""quality_rate"": 1,
    ""consistency_value"": 0,
    ""relevance_rate"": 4,
    ""manner_rate"": 1,
    ""outcome_value"": ""Questioner"",
    ""outcome_reason"": 1
}
```","Alright, I'm putting on my juror hat. I need to dissect this witness's evasive maneuver in cross-examination and translate it into a JSON object. Here's how I'm breaking it down:

First, the **Witness commitment level** is a straight zero. They flat-out avoided the question about the relationship ending date. They went full deflection. The **Commitment_value** is going to be a solid 4 - complete evasion.

Next up, **Witness truthfulness in the current turn**. This is a tricky one because they didn't *state* anything directly factual that I could judge as true or false. They asked a question, albeit a loaded one. It's more about the intent than the factual content. I wouldn't label it as *false*, per se, but more a strategic move. Therefore, the **quality_rate** will be 1.

Then we have to assess **Consistency with previous testimony**. They haven't contradicted anything *they've said before*, just refused to answer *this* specific question. It's a change in tactic, not a contradiction of established facts. So, the **consistency_value** is 0, they're technically consistent with previous statements.

Now, we move to **Response relevance**. The question was about the timeline of a romantic relationship. The response? ""What does this have to do with the Enron fraud?"" Talk about a non-sequitur! The response is completely irrelevant in answering the question. From the prosecutor's perspective, completely irrelevant. The **relevance_rate** gets a 4.

Finally, **Response clarity**. The witness's intent is crystal clear. They're challenging the relevance of the line of questioning. The witness wants to know what the prosecution's angle is. Their strategy is clear. The **manner_rate** will be 1.

In essence, the **current turn outcome** is that the question was *unanswered*. They didn't answer the question that was asked.
","The witness's response is a clear deflection. Instead of answering the direct question about the end of a romantic relationship, the witness challenges the prosecution's line of questioning by questioning its relevance to the Enron fraud case. This avoids committing to an answer and attempts to shift the focus, but it fails to provide the requested information. The prosecution's goal is to elicit information, and the witness's refusal to answer means the prosecution did not get what they sought in this turn.",4,1,0,4,1,Questioner,1.0,1,0,0,-1,0.0,0.5,0.0,6.0,-0.3779644730092272,1.1733449219823837,-1.9503992045496787,-1.5513093949916108
41,41,41.0,Q/A,"Can you answer my question or not, Mr. Skilling?","We continued to have a relationship, yes....",enron_defense_1,"PROSECUTION: Sir, 24680 is a check [to Ms. Bender] dated March 3 of 1998, Number 276; correct?
D_WITNESS: Yes, that's correct.

PROSECUTION: The next one is dated [sic] 277 for $10,000 to Ms. Bender; correct?
D_WITNESS: That's correct.

PROSECUTION: The next one in sequence, March 2nd, 1998, $10,000 to Ms. Bender?
D_WITNESS: That's correct.

PROSECUTION: The next one, 279April 10th of 1998, $55,000 to the IRS?
D_WITNESS: That's correct.

PROSECUTION: Sir, is it your testimony that you did not backdate that Check Number 277?
D_WITNESS: I don't recall.

PROSECUTION: Can you explain to the jury, sir, why it is that Check 277 has a date of December 28, 1997?
D_WITNESS: No, I can't, Mr. Berkowitz. And if it’s – if you believe that this is somehow a violation of a tax laws. I'd be happy to sit down and talk to you about it, because it's not...

PROSECUTION: And, sir, is it your testimony that your relationship-that the personal nature of your relationship with Ms. Bender ended in 1998?
D_WITNESS: I'm sorry.

PROSECUTION: Is it your testimony that the personal nature of your relationship with Ms. Bender ended in 1998?
D_WITNESS: Oh, no. We stayed friends. We're friends. I haven’t talked to her in awhile, but we may have occasionally dated some subsequent to that.

PROSECUTION: But your romantic relationship with her ended in 1997 or 1998?
D_WITNESS: We stayed friends after that.

PROSECUTION: That's not my question.
D_WITNESS: You'd have to define – what – what does this have to do with fraud at Enron Corporation, just out of curiosity?

PROSECUTION: Can you answer my question or not, Mr. Skilling?
","```json
{
    ""belief"": ""The witness is still being evasive regarding the specific nature of the relationship (romantic vs. friendship). The prosecution is trying to pin down whether the *romantic* relationship ended, and the witness keeps broadening it to just 'relationship' or 'friends.' This latest response, 'We continued to have a relationship, yes...', is a slight concession that *a* relationship continued, but it still doesn't clarify the *romantic* aspect, which is the prosecution's focus. Therefore, the witness is still avoiding a direct answer to the core question, which benefits the prosecution by highlighting the evasiveness."",
    ""Commitment_value"": 3,
    ""quality_rate"": 1,
    ""consistency_value"": 0,
    ""relevance_rate"": 2,
    ""manner_rate"": 2,
    ""outcome_value"": ""Questioner"",
    ""outcome_reason"": 2
}
```","Alright, let's get this done. The user wants me to be a juror, essentially, and give my professional opinion on this witness's response. I need to break it down methodically and fill out a JSON. No problem.

First, I need to understand the context. The initial question was about whether the romantic relationship ended, which the witness evaded. Now, the prosecutor is pressing for a direct answer: ""Can you answer my question or not?"" And the witness responds, ""We continued to have a relationship, yes....""

Okay, let's break down the response and gauge the witness's level of commitment. This is crucial. The key is to see how directly they're answering the prosecutor's line of questioning, which is specifically about the *romantic* relationship. They're trying to get him to admit it *ended*.

The initial evasion was, ""We stayed friends after that."" Weak, evasive, and deflective. Now, it's, ""We continued to have a relationship, yes…."" This *seems* like a slightly better answer than the previous dodge, acknowledging a continuing relationship in *some* form. But it's still carefully worded. It's still not addressing the core of the question: did the *romantic* aspect end?

The prosecution is clearly fishing for a ""yes"" to the romantic aspect ending, probably to build a case around financial dealings after that point. The witness, however, is sticking to the vague term ""relationship"".

So, I need to ask myself, is this *damaging* to the prosecution's case, *beneficial* to the witness, or neutral? It's not overtly damaging to the prosecution, as it doesn’t deny the romantic aspect ended. However, it doesn’t explicitly help them either. The witness *could* be admitting the romantic relationship ended, without saying it, and just referring to something else. It doesn't *fully* commit the witness to either outcome – the romantic relationship ending or continuing. It's avoiding the specific issue, which is not *helpful*. The previous dodge was ""We stayed friends."" Now, it's an attempt to broaden the definition of ""relationship"" without specifying which.

After carefully evaluating, I have to conclude it's *still* evasive. ""We continued to have a relationship"" is a deliberate ambiguity. It suggests some connection existed, but skirts the question of whether the *romantic* element was still present.

Given the previous evasiveness, this *still* isn’t a direct answer. I'm going to have to lean towards a ""Neutral Commitment"" rating. It's a slight improvement on the outright evasion of the first response, in that it acknowledges a relationship, but it avoids the crucial question of the romantic element. It leaves the issue open and doesn't provide any clear conclusion.
","The witness is still being evasive regarding the specific nature of the relationship (romantic vs. friendship). The prosecution is trying to pin down whether the *romantic* relationship ended, and the witness keeps broadening it to just 'relationship' or 'friends.' This latest response, 'We continued to have a relationship, yes...', is a slight concession that *a* relationship continued, but it still doesn't clarify the *romantic* aspect, which is the prosecution's focus. Therefore, the witness is still avoiding a direct answer to the core question, which benefits the prosecution by highlighting the evasiveness.",3,1,0,2,2,Questioner,2.0,0,0,0,-1,0.5,0.0,0.5,6.0,2.6457513110645903,1.1733449219823837,0.3855379124362841,1.4724063890822066
